host,tag,cpus,layers,topo,wall_s,cpu_time_s,avg_cores,peak_rss_gib,rc,ts
chrisya-cc-tw,cctw,80,80,tpu7x-128,117.3,1628.5,13.88,13.9,0:ok1,2026-08-14 17:44:38
chrisya-cc-tw,cctw,4,80,tpu7x-128,441.3,1537.5,3.48,13.8,0:ok1,2026-08-14 17:52:18
chrisya-cc-tw,cctw,8,80,tpu7x-128,260.7,1520.9,5.83,13.8,0:ok1,2026-08-14 17:56:40
chrisya-cc-tw,cctw,16,80,tpu7x-128,166.4,1423.3,8.55,13.9,0:ok1,2026-08-14 17:59:27
chrisya-cc-tw,cctw,32,80,tpu7x-128,127.3,1412.9,11.10,13.8,0:ok1,2026-08-14 18:01:36
chrisya-cc-tw,cctw,64,80,tpu7x-128,111.4,1433.6,12.87,13.9,0:ok1,2026-08-14 18:03:28
chrisya-cc-tw,cctw,2,80,tpu7x-128,785.3,1497.3,1.91,13.9,0:ok1,2026-08-14 18:23:45
chrisya-cc-tw,cctw,24,80,tpu7x-128,142.2,1463.8,10.29,13.8,0:ok1,2026-08-14 18:26:08
chrisya-cc-tw,cctw,48,80,tpu7x-128,118.1,1499.9,12.70,13.8,0:ok1,2026-08-14 18:28:08
chrisya-cc-tw,rep1,32,80,tpu7x-128,128.8,1416.0,11.00,13.8,0:ok1,2026-08-14 19:01:46
chrisya-cc-tw,rep2,32,80,tpu7x-128,128.3,1425.1,11.11,13.8,0:ok1,2026-08-14 19:03:55
chrisya-cc-tw,rep3,32,80,tpu7x-128,128.3,1430.7,11.15,13.8,0:ok1,2026-08-14 19:06:05
chrisya-cc-tw,rep4,32,80,tpu7x-128,127.8,1408.8,11.03,13.8,0:ok1,2026-08-14 19:08:13
chrisya-cc-tw,rep5,32,80,tpu7x-128,127.9,1421.9,11.12,13.9,0:ok1,2026-08-14 19:10:23
aot-c4,c4,32,80,tpu7x-128,NA,NA,NA,NA,NA:ok0,2026-08-14 17:52:14
aot-c4,c4,4,80,tpu7x-128,377.3,1335.1,3.54,11.2,0:ok1,2026-08-14 17:59:03
aot-c4,c4,8,80,tpu7x-128,220.2,1321.9,6.00,10.9,0:ok1,2026-08-14 18:02:44
aot-c4,c4,16,80,tpu7x-128,139.9,1276.9,9.12,10.9,0:ok1,2026-08-14 18:05:05
aot-c4,c4,32,80,tpu7x-128,104.1,1257.8,12.08,11.0,0:ok1,2026-08-14 18:06:50
aot-c4,topo-tpu7x-32,32,80,tpu7x-32,53.5,150.4,2.81,1.9,1:ok0,2026-08-14 18:11:31
aot-c4,topo-tpu7x-128,32,80,tpu7x-128,107.8,1294.5,12.01,11.3,0:ok1,2026-08-14 18:13:20
aot-c4,topo-tpu7x-256,32,80,tpu7x-256,139.2,1666.6,11.97,11.1,0:ok1,2026-08-14 18:15:40
aot-c4,topo-tpu7x-512,32,80,tpu7x-512,113.0,1336.9,11.84,11.4,0:ok1,2026-08-14 18:17:34
aot-c4,topo-tpu7x-1024,32,80,tpu7x-1024,118.2,1304.6,11.03,11.2,0:ok1,2026-08-14 18:19:34
aot-c4,layers-10,32,10,tpu7x-128,105.7,1273.1,12.05,11.2,0:ok1,2026-08-14 18:21:21
aot-c4,layers-20,32,20,tpu7x-128,106.9,1285.3,12.02,11.1,0:ok1,2026-08-14 18:23:09
aot-c4,layers-40,32,40,tpu7x-128,106.1,1270.9,11.98,11.3,0:ok1,2026-08-14 18:24:56
aot-c4,layers-80,32,80,tpu7x-128,107.2,1291.6,12.04,11.3,0:ok1,2026-08-14 18:26:44
aot-c4,noscan-4,32,4,tpu7x-128,29.4,36.9,1.26,1.2,1:ok0,2026-08-14 18:44:54
aot-c4,noscan-10,32,10,tpu7x-128,32.0,39.5,1.24,1.5,1:ok0,2026-08-14 18:45:28
aot-c4,noscan-20,32,20,tpu7x-128,37.9,45.5,1.20,1.5,1:ok0,2026-08-14 18:46:07
aot-c4,rep1,32,80,tpu7x-128,108.1,1294.9,11.98,11.3,0:ok1,2026-08-14 18:58:11
aot-c4,rep2,32,80,tpu7x-128,107.7,1295.1,12.03,11.2,0:ok1,2026-08-14 18:59:59
aot-c4,rep3,32,80,tpu7x-128,108.2,1292.4,11.94,11.3,0:ok1,2026-08-14 19:01:49
aot-c4,rep4,32,80,tpu7x-128,108.7,1293.3,11.90,10.9,0:ok1,2026-08-14 19:03:39
aot-c4,rep5,32,80,tpu7x-128,108.3,1292.5,11.93,11.3,0:ok1,2026-08-14 19:05:28
aot-c4,a256-1,32,80,tpu7x-256,139.1,1674.2,12.04,11.0,0:ok1,2026-08-14 19:13:17
aot-c4,a256-2,32,80,tpu7x-256,140.2,1675.4,11.95,11.1,0:ok1,2026-08-14 19:15:39
aot-c4,a256-3,32,80,tpu7x-256,139.6,1675.8,12.00,11.0,0:ok1,2026-08-14 19:17:59
aot-c4,a128-1,32,80,tpu7x-128,107.9,1294.0,11.99,11.5,0:ok1,2026-08-14 19:19:48
aot-c4,a128-2,32,80,tpu7x-128,108.5,1296.8,11.95,11.2,0:ok1,2026-08-14 19:21:38
aot-c4,noflag-1,32,80,tpu7x-128,26.4,33.9,1.28,1.2,1:ok0,2026-08-14 19:22:06
aot-c4,noflag-2,32,80,tpu7x-128,26.4,33.9,1.28,1.2,1:ok0,2026-08-14 19:22:34
aot-c4,nf-1,32,80,tpu7x-128,49.9,172.9,3.47,1.7,1:ok0,2026-08-14 19:27:19
aot-c4,nf-2,32,80,tpu7x-128,50.2,173.6,3.46,1.9,1:ok0,2026-08-14 19:28:11
aot-c4,only-vmem,32,80,tpu7x-128,52.0,213.7,4.11,1.9,1:ok0,2026-08-14 19:38:05
aot-c4,only-sched,32,80,tpu7x-128,84.7,883.0,10.42,7.8,1:ok0,2026-08-14 19:39:31
aot-c4,only-sc,32,80,tpu7x-128,49.4,174.2,3.53,1.8,1:ok0,2026-08-14 19:40:22
aot-c4,only-vs,32,80,tpu7x-128,107.4,1299.3,12.10,11.3,0:ok1,2026-08-14 19:42:10
